{
  "placeholderImages": [
    {
      "id": "song-1",
      "description": "album art",
      "imageUrl": "https://images.unsplash.com/photo-1542487354-feaf3a1834e5?crop=entropy&cs=tinysrgb&fit=max&fm=jpg&ixid=M3w3NDE5ODJ8MHwxfHNlYXJjaHwxfHx0YWolMjBtYWhhbHxlbnwwfHx8fDE3NjgyMDgwNTZ8MA&ixlib=rb-4.1.0&q=80&w=1080",
      "imageHint": "taj mahal"
    },
    {
      "id": "song-2",
      "description": "album art",
      "imageUrl": "https://images.unsplash.com/photo-1594936314811-331201a35017?crop=entropy&cs=tinysrgb&fit=max&fm=jpg&ixid=M3w3NDE5ODJ8MHwxfHNlYXJjaHwzfHxob2xpJTIwZmVzdGl2YWx8ZW58MHx8fHwxNzY4MjA4MDc4fDA&ixlib=rb-4.1.0&q=80&w=1080",
      "imageHint": "holi festival"
    },
    {
      "id": "song-3",
      "description": "album art",
      "imageUrl": "https://images.unsplash.com/photo-1598091410131-31423438f293?crop=entropy&cs=tinysrgb&fit=max&fm=jpg&ixid=M3w3NDE5ODJ8MHwxfHNlYXJjaHwxfHxib2xseXdvb2QlMjBkYW5jZXxlbnwwfHx8fDE3NjgyMDgxMDJ8MA&ixlib=rb-4.1.0&q=80&w=1080",
      "imageHint": "bollywood dance"
    },
    {
      "id": "song-4",
      "description": "album art",
      "imageUrl": "https://images.unsplash.com/photo-1626544954130-99550b69a239?crop=entropy&cs=tinysrgb&fit=max&fm=jpg&ixid=M3w3NDE5ODJ8MHwxfHNlYXJjaHwxfHxwdW5qYWJpJTIwY3VsdHVyZXxlbnwwfHx8fDE3NjgyMDgxNDR8MA&ixlib=rb-4.1.0&q=80&w=1080",
      "imageHint": "punjabi culture"
    },
    {
      "id": "song-5",
      "description": "album art",
      "imageUrl": "https://images.unsplash.com/photo-1506461883134-5853f6fd5238?crop=entropy&cs=tinysrgb&fit=max&fm=jpg&ixid=M3w3NDE5ODJ8MHwxfHNlYXJjaHwxfHxpbmRpYW4lMjBmbGFnfGVufDB8fHx8MTc2ODIwODMxMnww&ixlib=rb-4.1.0&q=80&w=1080",
      "imageHint": "indian flag"
    },
    {
      "id": "song-6",
      "description": "album art",
      "imageUrl": "https://images.unsplash.com/photo-1617653252743-c035601a4413?crop=entropy&cs=tinysrgb&fit=max&fm=jpg&ixid=M3w3NDE5ODJ8MHwxfHNlYXJjaHwxfHxwYW5ncmElMjBkYW5jZXJzfGVufDB8fHx8MTc2ODIwODM0NHww&ixlib=rb-4.1.0&q=80&w=1080",
      "imageHint": "bhangra dancers"
    },
    {
      "id": "song-7",
      "description": "album art",
      "imageUrl": "https://images.unsplash.com/photo-1596236924919-012b1b369c07?crop=entropy&cs=tinysrgb&fit=max&fm=jpg&ixid=M3w3NDE5ODJ8MHwxfHNlYXJjaHwyfHxnaXJsJTIwaW4lMjBzYXJpfGVufDB8fHx8MTc2ODIwODM5OHww&ixlib=rb-4.1.0&q=80&w=1080",
      "imageHint": "girl in sari"
    },
    {
      "id": "song-8",
      "description": "album art",
      "imageUrl": "https://images.unsplash.com/photo-1579510343336-a169d13f3605?crop=entropy&cs=tinysrgb&fit=max&fm=jpg&ixid=M3w3NDE5ODJ8MHwxfHNlYXJjaHwyfHxpbmRpYW4lMjB0cmFpbnxlbnwwfHx8fDE3NjgyMDg0MTd8MA&ixlib=rb-4.1.0&q=80&w=1080",
      "imageHint": "indian train"
    },
    {
      "id": "song-9",
      "description": "album art",
      "imageUrl": "https://images.unsplash.com/photo-1628177212453-53a5796338ad?crop=entropy&cs=tinysrgb&fit=max&fm=jpg&ixid=M3w3NDE5ODJ8MHwxfHNlYXJjaHwzfHxpbmRpYW4lMjBjcm93ZHxlbnwwfHx8fDE3NjgyMDg0NDR8MA&ixlib=rb-4.1.0&q=80&w=1080",
      "imageHint": "indian crowd"
    },
    {
      "id": "song-10",
      "description": "album art",
      "imageUrl": "https://images.unsplash.com/photo-1478145787956-f6f12c586257?crop=entropy&cs=tinysrgb&fit=max&fm=jpg&ixid=M3w3NDE5ODJ8MHwxfHNlYXJjaHwxfHxncm91cCUyMG9mJTIwZnJpZW5kc3xlbnwwfHx8fDE3NjgyMDg0Njh8MA&ixlib=rb-4.1.0&q=80&w=1080",
      "imageHint": "group of friends"
    },
    {
      "id": "song-11",
      "description": "album art",
      "imageUrl": "https://images.unsplash.com/photo-1598422749219-c0494d13739a?crop=entropy&cs=tinysrgb&fit=max&fm=jpg&ixid=M3w3NDE5ODJ8MHwxfHNlYXJjaHwxfHxpbmRpYW4lMjB0ZW1wbGV8ZW58MHx8fHwxNzY4MjA4NDk1fDA&ixlib=rb-4.1.0&q=80&w=1080",
      "imageHint": "indian temple"
    },
    {
      "id": "song-12",
      "description": "album art",
      "imageUrl": "https://images.unsplash.com/photo-1626544954130-99550b69a239?crop=entropy&cs=tinysrgb&fit=max&fm=jpg&ixid=M3w3NDE5ODJ8MHwxfHNlYXJjaHwxfHxwdW5qYWJpJTIwY3VsdHVyZXxlbnwwfHx8fDE3NjgyMDgxNDR8MA&ixlib=rb-4.1.0&q=80&w=1080",
      "imageHint": "punjabi culture"
    },
    {
      "id": "song-13",
      "description": "album art",
      "imageUrl": "https://images.unsplash.com/photo-1542856211-e3635a646c00?crop=entropy&cs=tinysrgb&fit=max&fm=jpg&ixid=M3w3NDE5ODJ8MHwxfHNlYXJjaHwxfHxtYXJpZ29sZCUyMGZsb3dlcnxlbnwwfHx8fDE3NjgyMDg1NDN8MA&ixlib=rb-4.1.0&q=80&w=1080",
      "imageHint": "marigold flower"
    },
    {
      "id": "song-14",
      "description": "album art",
      "imageUrl": "https://images.unsplash.com/photo-1512354739413-c35d93f48753?crop=entropy&cs=tinysrgb&fit=max&fm=jpg&ixid=M3w3NDE5ODJ8MHwxfHNlYXJjaHwxfHxyYWluJTIwd2F0ZXJ8ZW58MHx8fHwxNzY4MjA4NTYzfDA&ixlib=rb-4.1.0&q=80&w=1080",
      "imageHint": "rain water"
    },
    {
      "id": "song-15",
      "description": "album art",
      "imageUrl": "https://images.unsplash.com/photo-1582712120033-6623635439a3?crop=entropy&cs=tinysrgb&fit=max&fm=jpg&ixid=M3w3NDE5ODJ8MHwxfHNlYXJjaHwxfHxzdWZpJTIwc2hyaW5lfGVufDB8fHx8MTc2ODIwODU4M3ww&ixlib=rb-4.1.0&q=80&w=1080",
      "imageHint": "sufi shrine"
    },
    {
      "id": "song-16",
      "description": "album art",
      "imageUrl": "https://images.unsplash.com/photo-1549421299-473a21903080?crop=entropy&cs=tinysrgb&fit=max&fm=jpg&ixid=M3w3NDE5ODJ8MHwxfHNlYXJjaHwxfHx2aW50YWdlJTIwYm9sbHl3b29kfGVufDB8fHx8MTc2ODIwODYwNHww&ixlib=rb-4.1.0&q=80&w=1080",
      "imageHint": "vintage bollywood"
    },
    {
      "id": "song-17",
      "description": "album art",
      "imageUrl": "https://images.unsplash.com/photo-1488161628813-04466f872d24?crop=entropy&cs=tinysrgb&fit=max&fm=jpg&ixid=M3w3NDE5ODJ8MHwxfHNlYXJjaHwxfHxyb21hbnRpYyUyMGNvdXBsZXxlbnwwfHx8fDE3NjgyMDg2MjR8MA&ixlib=rb-4.1.0&q=80&w=1080",
      "imageHint": "romantic couple"
    },
    {
      "id": "song-18",
      "description": "album art",
      "imageUrl": "https://images.unsplash.com/photo-1512354739413-c35d93f48753?crop=entropy&cs=tinysrgb&fit=max&fm=jpg&ixid=M3w3NDE5ODJ8MHwxfHNlYXJjaHwxfHxyYWluJTIwd2F0ZXJ8ZW58MHx8fHwxNzY4MjA4NTYzfDA&ixlib=rb-4.1.0&q=80&w=1080",
      "imageHint": "rain water"
    },
    {
      "id": "song-19",
      "description": "album art",
      "imageUrl": "https://images.unsplash.com/photo-1574223190829-5f252655381a?crop=entropy&cs=tinysrgb&fit=max&fm=jpg&ixid=M3w3NDE5ODJ8MHwxfHNlYXJjaHwxfHxzcGFpbiUyMGxhbmRzY2FwZXxlbnwwfHx8fDE3NjgyMDg2ODN8MA&ixlib=rb-4.1.0&q=80&w=1080",
      "imageHint": "spain landscape"
    },
    {
      "id": "song-20",
      "description": "album art",
      "imageUrl": "https://images.unsplash.com/photo-1500353390315-a095b3420484?crop=entropy&cs=tinysrgb&fit=max&fm=jpg&ixid=M3w3NDE5ODJ8MHwxfHNlYXJjaHwxfHxtYW4lMjB3aXRoJTIwZ3VpdGFyfGVufDB8fHx8MTc2ODIwODcwM3ww&ixlib=rb-4.1.0&q=80&w=1080",
      "imageHint": "man with guitar"
    },
    {
      "id": "song-21",
      "description": "album art",
      "imageUrl": "https://images.unsplash.com/photo-1581492934151-872f2a713833?crop=entropy&cs=tinysrgb&fit=max&fm=jpg&ixid=M3w3NDE5ODJ8MHwxfHNlYXJjaHwxfHxtb29ubGl0JTIwbmlnaHR8ZW58MHx8fHwxNzY4MjA4NzI0fDA&ixlib=rb-4.1.0&q=80&w=1080",
      "imageHint": "moonlit night"
    },
    {
      "id": "song-22",
      "description": "album art",
      "imageUrl": "https://images.unsplash.com/photo-1510915228340-29c85a43dcfe?crop=entropy&cs=tinysrgb&fit=max&fm=jpg&ixid=M3w3NDE5ODJ8MHwxfHNlYXJjaHwxfHxwb2V0cnklMjBib29rfGVufDB8fHx8MTc2ODIwODc0M3ww&ixlib=rb-4.1.0&q=80&w=1080",
      "imageHint": "poetry book"
    },
    {
      "id": "song-23",
      "description": "album art",
      "imageUrl": "https://images.unsplash.com/photo-1510252199275-5a82414a348b?crop=entropy&cs=tinysrgb&fit=max&fm=jpg&ixid=M3w3NDE5ODJ8MHwxfHNlYXJjaHwxfHxpbmRpYW4lMjBzaXRhcnxlbnwwfHx8fDE3NjgyMDg3NjJ8MA&ixlib=rb-4.1.0&q=80&w=1080",
      "imageHint": "indian sitar"
    },
    {
      "id": "song-24",
      "description": "album art",
      "imageUrl": "https://images.unsplash.com/photo-1506461883134-5853f6fd5238?crop=entropy&cs=tinysrgb&fit=max&fm=jpg&ixid=M3w3NDE5ODJ8MHwxfHNlYXJjaHwxfHxpbmRpYW4lMjBmbGFnfGVufDB8fHx8MTc2ODIwODMxMnww&ixlib=rb-4.1.0&q=80&w=1080",
      "imageHint": "indian flag"
    },
    {
      "id": "song-25",
      "description": "album art",
      "imageUrl": "https://images.unsplash.com/photo-1567016432772-224a13234514?crop=entropy&cs=tinysrgb&fit=max&fm=jpg&ixid=M3w3NDE5ODJ8MHwxfHNlYXJjaHwxfHxyb2NrJTIwY29uY2VydHxlbnwwfHx8fDE3NjgyMDg4MTd8MA&ixlib=rb-4.1.0&q=80&w=1080",
      "imageHint": "rock concert"
    },
    {
      "id": "song-26",
      "description": "album art",
      "imageUrl": "https://images.unsplash.com/photo-1617653252743-c035601a4413?crop=entropy&cs=tinysrgb&fit=max&fm=jpg&ixid=M3w3NDE5ODJ8MHwxfHNlYXJjaHwxfHxwYW5ncmElMjBkYW5jZXJzfGVufDB8fHx8MTc2ODIwODM0NHww&ixlib=rb-4.1.0&q=80&w=1080",
      "imageHint": "bhangra dancers"
    },
    {
      "id": "song-27",
      "description": "album art",
      "imageUrl": "https://images.unsplash.com/photo-1596706148316-92e1b12b55f1?crop=entropy&cs=tinysrgb&fit=max&fm=jpg&ixid=M3w3NDE5ODJ8MHwxfHNlYXJjaHwxfHxncmFmZml0aSUyMHdhbGx8ZW58MHx8fHwxNzY4MjA4ODU0fDA&ixlib=rb-4.1.0&q=80&w=1080",
      "imageHint": "graffiti wall"
    },
    {
      "id": "song-28",
      "description": "album art",
      "imageUrl": "https://images.unsplash.com/photo-1516425339463-5034604c6014?crop=entropy&cs=tinysrgb&fit=max&fm=jpg&ixid=M3w3NDE5ODJ8MHwxfHNlYXJjaHwxfHxsdW5naSUyMGRhbmNlfGVufDB8fHx8MTc2ODIwODg3Mnww&ixlib=rb-4.1.0&q=80&w=1080",
      "imageHint": "lungi dance"
    },
    {
      "id": "song-29",
      "description": "album art",
      "imageUrl": "https://images.unsplash.com/photo-1526470608268-f674ce90ebd4?crop=entropy&cs=tinysrgb&fit=max&fm=jpg&ixid=M3w3NDE5ODJ8MHwxfHNlYXJjaHwxfHxwYXJ0eSUyMGxpZ2h0c3xlbnwwfHx8fDE3NjgyMDg4OTJ8MA&ixlib=rb-4.1.0&q=80&w=1080",
      "imageHint": "party lights"
    },
    {
      "id": "song-30",
      "description": "album art",
      "imageUrl": "https://images.unsplash.com/photo-1587825140708-df876c12b44e?crop=entropy&cs=tinysrgb&fit=max&fm=jpg&ixid=M3w3NDE5ODJ8MHwxfHNlYXJjaHwxfHxyb2NrJTIwYmFuZHxlbnwwfHx8fDE3NjgyMDg5MTR8MA&ixlib=rb-4.1.0&q=80&w=1080",
      "imageHint": "rock band"
    },
    {
      "id": "song-31",
      "description": "album art",
      "imageUrl": "https://images.unsplash.com/photo-1604085572504-a392ddf0d86a?crop=entropy&cs=tinysrgb&fit=max&fm=jpg&ixid=M3w3NDE5ODJ8MHwxfHNlYXJjaHwxfHxpbmRpYW4lMjB3ZWRkaW5nfGVufDB8fHx8MTc2ODIwODkzNHww&ixlib=rb-4.1.0&q=80&w=1080",
      "imageHint": "indian wedding"
    },
    {
      "id": "song-32",
      "description": "album art",
      "imageUrl": "https://images.unsplash.com/photo-1460036521488-7e2d1d2b3635?crop=entropy&cs=tinysrgb&fit=max&fm=jpg&ixid=M3w3NDE5ODJ8MHwxfHNlYXJjaHwxfHxiZWFjaCUyMHN1bnNldHxlbnwwfHx8fDE3NjgyMDg5NTB8MA&ixlib=rb-4.1.0&q=80&w=1080",
      "imageHint": "beach sunset"
    },
    {
      "id": "song-33",
      "description": "album art",
      "imageUrl": "https://images.unsplash.com/photo-1574020925208-81d5a711463a?crop=entropy&cs=tinysrgb&fit=max&fm=jpg&ixid=M3w3NDE5ODJ8MHwxfHNlYXJjaHwxfHxtdW1iYWklMjBjaXR5fGVufDB8fHx8MTc2ODIwODk3MHww&ixlib=rb-4.1.0&q=80&w=1080",
      "imageHint": "mumbai city"
    },
    {
      "id": "song-34",
      "description": "album art",
      "imageUrl": "https://images.unsplash.com/photo-1541814984-a16997b10291?crop=entropy&cs=tinysrgb&fit=max&fm=jpg&ixid=M3w3NDE5ODJ8MHwxfHNlYXJjaHwxfHxtb2RlbCUyMGluJTIwaGlnaCUyMGhlZWxzfGVufDB8fHx8MTc2ODIwODk4OXww&ixlib=rb-4.1.0&q=80&w=1080",
      "imageHint": "model in high heels"
    },
    {
      "id": "song-35",
      "description": "album art",
      "imageUrl": "https://images.unsplash.com/photo-1627923485125-9836e521b443?crop=entropy&cs=tinysrgb&fit=max&fm=jpg&ixid=M3w3NDE5ODJ8MHwxfHNlYXJjaHwxfHxtYWhhcmFzaHRyaWFuJTIwZGFuY2V8ZW58MHx8fHwxNzY4MjA5MDEwfDA&ixlib=rb-4.1.0&q=80&w=1080",
      "imageHint": "maharashtrian dance"
    },
    {
      "id": "song-36",
      "description": "album art",
      "imageUrl": "https://images.unsplash.com/photo-1617653252743-c035601a4413?crop=entropy&cs=tinysrgb&fit=max&fm=jpg&ixid=M3w3NDE5ODJ8MHwxfHNlYXJjaHwxfHxwYW5ncmElMjBkYW5jZXJzfGVufDB8fHx8MTc2ODIwODM0NHww&ixlib=rb-4.1.0&q=80&w=1080",
      "imageHint": "bhangra dancers"
    },
    {
      "id": "song-37",
      "description": "album art",
      "imageUrl": "https://images.unsplash.com/photo-1549421299-473a21903080?crop=entropy&cs=tinysrgb&fit=max&fm=jpg&ixid=M3w3NDE5ODJ8MHwxfHNlYXJjaHwxfHx2aW50YWdlJTIwYm9sbHl3b29kfGVufDB8fHx8MTc2ODIwODYwNHww&ixlib=rb-4.1.0&q=80&w=1080",
      "imageHint": "vintage bollywood"
    },
    {
      "id": "song-38",
      "description": "album art",
      "imageUrl": "https://images.unsplash.com/photo-1601416560931-e1241a7c005f?crop=entropy&cs=tinysrgb&fit=max&fm=jpg&ixid=M3w3NDE5ODJ8MHwxfHNlYXJjaHwxfHxwb3J0cmFpdCUyMG9mJTIwYSUyMHdvbWFufGVufDB8fHx8MTc2ODIwOTExMXww&ixlib=rb-4.1.0&q=80&w=1080",
      "imageHint": "portrait of a woman"
    },
    {
      "id": "song-39",
      "description": "album art",
      "imageUrl": "https://images.unsplash.com/photo-1583485695074-9a2434553254?crop=entropy&cs=tinysrgb&fit=max&fm=jpg&ixid=M3w3NDE5ODJ8MHwxfHNlYXJjaHwxfHxpbmRpYW4lMjBmbHV0ZXxlbnwwfHx8fDE3NjgyMDkxMzB8MA&ixlib=rb-4.1.0&q=80&w=1080",
      "imageHint": "indian flute"
    },
    {
      "id": "song-40",
      "description": "album art",
      "imageUrl": "https://images.unsplash.com/photo-1488161628813-04466f872d24?crop=entropy&cs=tinysrgb&fit=max&fm=jpg&ixid=M3w3NDE5ODJ8MHwxfHNlYXJjaHwxfHxyb21hbnRpYyUyMGNvdXBsZXxlbnwwfHx8fDE3NjgyMDg2MjR8MA&ixlib=rb-4.1.0&q=80&w=1080",
      "imageHint": "romantic couple"
    },
    {
      "id": "song-41",
      "description": "album art",
      "imageUrl": "https://images.unsplash.com/photo-1526470608268-f674ce90ebd4?crop=entropy&cs=tinysrgb&fit=max&fm=jpg&ixid=M3w3NDE5ODJ8MHwxfHNlYXJjaHwxfHxwYXJ0eSUyMGxpZ2h0c3xlbnwwfHx8fDE3NjgyMDg4OTJ8MA&ixlib=rb-4.1.0&q=80&w=1080",
      "imageHint": "party lights"
    },
    {
      "id": "song-42",
      "description": "album art",
      "imageUrl": "https://images.unsplash.com/photo-1617653252743-c035601a4413?crop=entropy&cs=tinysrgb&fit=max&fm=jpg&ixid=M3w3NDE5ODJ8MHwxfHNlYXJjaHwxfHxwYW5ncmElMjBkYW5jZXJzfGVufDB8fHx8MTc2ODIwODM0NHww&ixlib=rb-4.1.0&q=80&w=1080",
      "imageHint": "bhangra dancers"
    },
    {
      "id": "song-43",
      "description": "album art",
      "imageUrl": "https://images.unsplash.com/photo-1590697723932-a551829f7984?crop=entropy&cs=tinysrgb&fit=max&fm=jpg&ixid=M3w3NDE5ODJ8MHwxfHNlYXJjaHwxfHxpbmRpYW4lMjB0ZXh0aWxlfGVufDB8fHx8MTc2ODIwOTIyOHww&ixlib=rb-4.1.0&q=80&w=1080",
      "imageHint": "indian textile"
    },
    {
      "id": "song-44",
      "description": "album art",
      "imageUrl": "https://images.unsplash.com/photo-1596706148316-92e1b12b55f1?crop=entropy&cs=tinysrgb&fit=max&fm=jpg&ixid=M3w3NDE5ODJ8MHwxfHNlYXJjaHwxfHxncmFmZml0aSUyMHdhbGx8ZW58MHx8fHwxNzY4MjA4ODU0fDA&ixlib=rb-4.1.0&q=80&w=1080",
      "imageHint": "graffiti wall"
    },
    {
      "id": "song-45",
      "description": "album art",
      "imageUrl": "https://images.unsplash.com/photo-1532372483322-2374c4246107?crop=entropy&cs=tinysrgb&fit=max&fm=jpg&ixid=M3w3NDE5ODJ8MHwxfHNlYXJjaHwxfHxtdWdoYWwlMjBhcmNoaXRlY3R1cmV8ZW58MHx8fHwxNzY4MjA5MjczfDA&ixlib=rb-4.1.0&q=80&w=1080",
      "imageHint": "mughal architecture"
    },
    {
      "id": "song-46",
      "description": "album art",
      "imageUrl": "https://images.unsplash.com/photo-1582712120033-6623635439a3?crop=entropy&cs=tinysrgb&fit=max&fm=jpg&ixid=M3w3NDE5ODJ8MHwxfHNlYXJjaHwxfHxzdWZpJTIwc2hyaW5lfGVufDB8fHx8MTc2ODIwODU4M3ww&ixlib=rb-4.1.0&q=80&w=1080",
      "imageHint": "sufi shrine"
    },
    {
      "id": "song-47",
      "description": "album art",
      "imageUrl": "https://images.unsplash.com/photo-1598091410131-31423438f293?crop=entropy&cs=tinysrgb&fit=max&fm=jpg&ixid=M3w3NDE5ODJ8MHwxfHNlYXJjaHwxfHxib2xseXdvb2QlMjBkYW5jZXxlbnwwfHx8fDE3NjgyMDgxMDJ8MA&ixlib=rb-4.1.0&q=80&w=1080",
      "imageHint": "bollywood dance"
    },
    {
      "id": "song-48",
      "description": "album art",
      "imageUrl": "https://images.unsplash.com/photo-1549421299-473a21903080?crop=entropy&cs=tinysrgb&fit=max&fm=jpg&ixid=M3w3NDE5ODJ8MHwxfHNlYXJjaHwxfHx2aW50YWdlJTIwYm9sbHl3b29kfGVufDB8fHx8MTc2ODIwODYwNHww&ixlib=rb-4.1.0&q=80&w=1080",
      "imageHint": "vintage bollywood"
    },
    {
      "id": "song-49",
      "description": "album art",
      "imageUrl": "https://images.unsplash.com/photo-1561361523-8f310f723659?crop=entropy&cs=tinysrgb&fit=max&fm=jpg&ixid=M3w3NDE5ODJ8MHwxfHNlYXJjaHwxfHxkZWxoaSUyMGNpdHl8ZW58MHx8fHwxNzY4MjA5MzgxfDA&ixlib=rb-4.1.0&q=80&w=1080",
      "imageHint": "delhi city"
    },
    {
      "id": "song-50",
      "description": "album art",
      "imageUrl": "https://images.unsplash.com/photo-1579510343336-a169d13f3605?crop=entropy&cs=tinysrgb&fit=max&fm=jpg&ixid=M3w3NDE5ODJ8MHwxfHNlYXJjaHwyfHxpbmRpYW4lMjB0cmFpbnxlbnwwfHx8fDE3NjgyMDg0MTd8MA&ixlib=rb-4.1.0&q=80&w=1080",
      "imageHint": "indian train"
    }
  ]
}